Model,Accuracy,Precision,Recall,F1
Logistic Regression,0.8379888268156425,0.803030303030303,0.7681159420289855,0.7851851851851852
Random Forest,0.8212290502793296,0.7936507936507936,0.7246376811594203,0.7575757575757576
Decision Tree,0.8100558659217877,0.7777777777777778,0.7101449275362319,0.7424242424242424
K-Nearest Neighbors,0.7877094972067039,0.7384615384615385,0.6956521739130435,0.7164179104477612
